en,bg,description,file,hash
"%d links · %d blocks · %d views · %d clicks","%d links · %d blocks · %d views · %d clicks",,site/modules/Lynx/src/LynxEditor.php,76fe6610f3dec67c49143eed9a0fcda3
"Accent color","Цвят на акцента",,site/modules/Lynx/src/LynxEditor.php,175fc2dd557f01dc3e0c98f813c9b5ef
active,активен,,site/modules/Lynx/LynxManager.module.php,c76a5e84e4bdee527e274ea30c680d79
Active,Активен,,site/modules/Lynx/src/LynxEditor.php,4d3d769b812b6faa6b76e1a8abaece2d
"Add image","Добавете изображение",,site/modules/Lynx/src/LynxEditor.php,82822fc45c633a738a005ed9e0d2640b
"Add link","Добавете връзка",,site/modules/Lynx/src/LynxEditor.php,32210b37e4d23029d6ee2f5149e9c3e1
"Add project","Добавете проект",,site/modules/Lynx/src/LynxEditor.php,9e7fb85d92139642c3953979ae8cee0a
"Add project themes without editing PHP. Theme IDs must be unique and should use letters, numbers or underscores.","Добавете теми за проекти без редактиране на PHP. Идентификаторите на теми трябва да са уникални и трябва да използват букви, цифри или долни черти.",,site/modules/Lynx/LynxManager.module.php,5ffc0c017fe919a5701a54c627220333
"Add quote","Добавяне на цитат",,site/modules/Lynx/src/LynxEditor.php,2c2fbcc0f3fe666b09e6667747b2119c
"Add richer sections below the link list: images, projects, video or quotes.","Добавете по-богати секции под списъка с връзки: изображения, проекти, видео или цитати.",,site/modules/Lynx/src/LynxEditor.php,ccbbc1a9e9f546ee5834390e6d4e5d72
"Add video","Добавяне на видео",,site/modules/Lynx/src/LynxEditor.php,be42c759c49a8aa51d22c9286510b53e
"Add which social?","Добавете коя социална мрежа?",,site/modules/Lynx/src/LynxEditor.php,6260cb547388e62f2e5d9d177b7b1d6c
"All Lynx settings are available in one manager screen.","Всички настройки на Lynx са достъпни в един екран на мениджъра.",,site/modules/Lynx/LynxManager.module.php,3f3bac394d16afc524b4178d2e08e3a4
Appearance,"Външен вид",,site/modules/Lynx/src/LynxEditor.php,a1c58e94227389415de133efdf78ea6e
Author,Автор,,site/modules/Lynx/src/LynxEditor.php,a517747c3d12f99244ae598910d979c5
"Available themes","Налични теми",,site/modules/Lynx/LynxManager.module.php,22d92fe2c3a7f628916daa35aecd1c94
Avatar,Аватар,,site/modules/Lynx/src/LynxEditor.php,32036005d1f6ed59803ba3e13c80993e
avg/profile,ср./профил,,site/modules/Lynx/LynxManager.module.php,ee8e551afb090e941856aaf1f7de1185
"Base language","Основен език",,site/modules/Lynx/src/LynxEditor.php,9e0a11477e97adb1a0ec9ca89c9be934
"Block titles","Блокиране на заглавия",,site/modules/Lynx/src/LynxEditor.php,b7eda8007b1a5a571f5dcd19bf35efa8
Blocks,Блокове,,site/modules/Lynx/LynxManager.module.php,04c4f9f595c4f21d1de65eb07056c15a
"Brand name","Име на марката",,site/modules/Lynx/LynxManager.module.php,336bd41809f97cc8ff2c5842958c29bc
Built-in,Вградена,,site/modules/Lynx/LynxManager.module.php,f09090e6eca8bb5cc1a878687719625a
Button,Бутон,,site/modules/Lynx/src/LynxEditor.php,87b7760f14fbff78d8819291f36ab9a0
"Cache rendered public pages for anonymous visitors via WireCache. 0 = disabled. Pages are invalidated when profile content changes.","Кеширани публични страници за анонимни посетители чрез WireCache. 0 = забранено. Страниците се анулират, когато съдържанието на профила се промени.",,site/modules/Lynx/LynxManager.module.php,8fb55c7fa0150b95c345337dd23aed6e
caption,надпис,,site/modules/Lynx/src/LynxEditor.php,7a7dc1cda8a5f2b4be2dcb815907d56e
"Click history retention (days)","Запазване на историята на кликванията (дни)",,site/modules/Lynx/LynxManager.module.php,ff807ecd5eb2e102ec6677fde5f6ac7b
"click rate","честота на кликване",,site/modules/Lynx/LynxManager.module.php,4bd507f6e49e39124d335cd7ffeb6ecd
Clicks,Щраквания,,site/modules/Lynx/LynxManager.module.php,cbdb553aaace16e77bb205e9bc3375ef
"Clicks by link","Кликвания по връзка",,site/modules/Lynx/LynxManager.module.php,4a2b241ab89d7b17898d5e444883b9b7
"Clicks per day","Кликвания на ден",,site/modules/Lynx/LynxManager.module.php,530767139c40ca798ef2c02d127d1c94
Columns,Колони,,site/modules/Lynx/src/LynxEditor.php,168b82d33f8073018c50a4f658a02559
"Comma-separated ISO language codes. Profiles can be served at /{root}/{lang}/{slug}.","Езикови кодове ISO, разделени със запетаи. Профилите могат да се сервират на /{root}/{lang}/{slug}.",,site/modules/Lynx/LynxManager.module.php,37a8f8bbdaebc7a6716b9c7fe2ce95dd
"Core identity, language and visual style for the public page.","Основна идентичност, език и визуален стил за публичната страница.",,site/modules/Lynx/src/LynxEditor.php,f7035378d83c6183ec74d863f4420673
"Create a ready-to-edit multilingual profile with links, blocks, scheduling and theme settings.","Създайте готов за редактиране многоезичен профил с връзки, блокове, планиране и настройки на теми.",,site/modules/Lynx/LynxManager.module.php,7fcc598769d7c5bfc530b86f2b8dd7f4
"Create new page","Създайте нова страница",,site/modules/Lynx/src/LynxEditor.php,0a69a91dd9f6782cd8658c06532f5002
"Create or import profiles before exporting.","Създайте или импортирайте профили преди експортиране.",,site/modules/Lynx/LynxManager.module.php,7b5850802dd26a11d51d4bf0890aa555
"Create profile","Създаване на профил",,site/modules/Lynx/src/LynxEditor.php,c4b24a59396e1771942af28135f8bcf0
"Create the first profile, then add links, blocks, languages and a theme.","Създайте първия профил, след което добавете връзки, блокове, езици и тема.",,site/modules/Lynx/src/LynxEditor.php,7af6ca4fc99e4c99ac1c20b4d2fd75ab
"Create your first Lynx profile to publish links, media blocks and translations.","Създайте своя първи Lynx профил, за да публикувате връзки, медийни блокове и преводи.",,site/modules/Lynx/LynxManager.module.php,bebeddff3154e3de7decf1b5a44cffdf
CTR,CTR,,site/modules/Lynx/LynxManager.module.php,ff2a7a5418a49af64a57ef3cf31d7721
Custom,"По поръчка",,site/modules/Lynx/LynxManager.module.php,90589c47f06eb971d548591f23c285af
"Custom themes JSON","Персонализирани теми JSON",,site/modules/Lynx/LynxManager.module.php,b57f51970437eea0daafc89a7dae2efc
"Custom themes JSON could not be parsed.","Персонализираните теми JSON не можаха да бъдат анализирани.",,site/modules/Lynx/LynxManager.module.php,89f6259116c741a6362eb6dd5c04ee94
"Daily clicks (30 days)","Ежедневни кликвания (30 дни)",,site/modules/Lynx/LynxManager.module.php,a16051bd2489eb57a982e89e0cec2deb
"Daily clicks over the last 30 days","Ежедневни кликвания през последните 30 дни",,site/modules/Lynx/LynxManager.module.php,da7180d144d6ab396390d8569bab2037
Dashboard,Табло,,site/modules/Lynx/LynxManager.module.php,2938c7f7e560ed972f8a4f68e80ff834
Default,"По подразбиране",,site/modules/Lynx/LynxManager.module.php,7a1920d61156abc05a60135aefe8bc67
"Default accent color","Цвят на акцента по подразбиране",,site/modules/Lynx/LynxManager.module.php,6baba551119e8228a6cb49e3c9e6f044
"Default font for new profiles","Шрифт по подразбиране за нови профили",,site/modules/Lynx/LynxManager.module.php,651c5763dcd1c00fc2e8463a75ad157d
"Default for new profiles","По подразбиране за нови профили",,site/modules/Lynx/LynxManager.module.php,b292f4809a16a885af9f794bdcb02d7e
"Default language","Език по подразбиране",,site/modules/Lynx/LynxManager.module.php,c96a77fb323a41898c3b6941a58dc741
"Default profile language","Език на профила по подразбиране",,site/modules/Lynx/LynxManager.module.php,276ed2c86edee62b2d9a2c6d4a58ac22
"Default theme for new profiles","Тема по подразбиране за нови профили",,site/modules/Lynx/LynxManager.module.php,128f433ccae66106cb4f6dc1cc6c6f83
Description,Описание,,site/modules/Lynx/src/LynxEditor.php,b5a7adde1af5c87d7fd797b6245c2a39
"Detailed click rows older than this are purged daily via LazyCron. Per-link totals are kept. 0 = keep forever.","Подробните редове за кликвания, по-стари от този, се изчистват ежедневно чрез LazyCron. Общите суми за връзка се запазват. 0 = запазване завинаги.",,site/modules/Lynx/LynxManager.module.php,6f88af96b8c2b781dcc20e7c0b075788
"Display name","Екранно име",,site/modules/Lynx/src/LynxEditor.php,bc9e270b7b1a09eeac794d32b3d9dc8f
download,изтегляне,,site/modules/Lynx/LynxManager.module.php,fd456406745d816a45cae554c788e754
"Download all profiles as a portable JSON file, or export a single profile.","Изтеглете всички профили като преносим JSON файл или експортирайте един профил.",,site/modules/Lynx/LynxManager.module.php,3bfef6db8ccd43d09c4b518314a51bcd
edit,редактиране,,site/modules/Lynx/LynxManager.module.php,de95b43bceeb4b998aed4aed5cef1ae7
Edit,Редактиране,,site/modules/Lynx/src/LynxEditor.php,7dce122004969d56ae2e0245cb754d35
"Edit public profiles, check their status and jump back to Lynx Manager when you need admin tools.","Редактирайте публични профили, проверете състоянието им и се върнете към Lynx Manager, когато имате нужда от инструменти за администриране.",,site/modules/Lynx/src/LynxEditor.php,c5d4848c6a9acf9848e5e6da7dc738c4
"Editing: %s","Редактиране: %s",,site/modules/Lynx/src/LynxEditor.php,bc630012d4d4bd7330721d6a0fd315d7
"Enable public pages","Активиране на публични страници",,site/modules/Lynx/LynxManager.module.php,51ad7ffb03f3aa82fe0e83b4f4dbc6ba
"Enable REST API","Активирайте REST API",,site/modules/Lynx/LynxManager.module.php,9831726a72fcaadd86ae5137237d4414
Error,Грешка,,site/modules/Lynx/src/LynxEditor.php,902b0d55fddef6f8d651fe1035b7d4bd
Export,Експортиране,,site/modules/Lynx/LynxManager.module.php,0095a9fa74d1713e43e370a7d7846224
"Export all (%d)","Експортиране на всички (%d)",,site/modules/Lynx/LynxManager.module.php,a2157b78b8481ca1cfefe952be20e0d7
"Export profiles","Експортиране на профили",,site/modules/Lynx/LynxManager.module.php,117bb1370b9225ed229f9f167e2943f7
Font,Шрифт,,site/modules/Lynx/src/LynxEditor.php,194f5394ae2e9c74dc3c441b92862d1d
Heading,Заглавие,,site/modules/Lynx/src/LynxEditor.php,0101316665d4f82adaa26d86fbbb2d6e
"Hex color used by themes that reference var(--lynx-accent).","Шестнадесетичен цвят, използван от теми, които препращат към var(--lynx-accent).",,site/modules/Lynx/LynxManager.module.php,84ec45145026d09c84103abbdabf941a
hidden,скрит,,site/modules/Lynx/LynxManager.module.php,662f707d5491e9bce8238a6c0be92190
icon,икона,,site/modules/Lynx/src/LynxEditor.php,baec6461b0d69dde1b861aefbe375d8a
Image,Изображение,,site/modules/Lynx/src/LynxEditor.php,be53a0541a6d36f6ecb879fa2c584b08
"Image gallery","Галерия с изображения",,site/modules/Lynx/src/LynxContent.php,642fa08fba951378dca25cf328a60b56
"image URL or upload","изображение URL или качете",,site/modules/Lynx/src/LynxEditor.php,fba8a0cdef26b485b47038c91f76794c
Import,Импортиране,,site/modules/Lynx/LynxManager.module.php,72d6d7a1885885bb55a565fd1070581a
"Import profiles","Импортиране на профили",,site/modules/Lynx/LynxManager.module.php,0c3701cd017935bef96462fa57f3e933
"Install demo","Инсталирайте демонстрация",,site/modules/Lynx/LynxManager.module.php,27408872be41239d8318a8c67375fa7b
"Install demo profile","Инсталирайте демо профил",,site/modules/Lynx/LynxManager.module.php,d5375845b4948e986b351e515b2f0f8f
"ISO language code used when a profile does not specify its own base language.","ISO езиков код, използван, когато профилът не посочва свой собствен основен език.",,site/modules/Lynx/LynxManager.module.php,f59cb1095e2fb4599daa7f179137c74e
"Keep the default language in this list. Unsupported language requests fall back to the profile base language.","Запазете езика по подразбиране в този списък. Неподдържаните езикови заявки се връщат към основния език на профила.",,site/modules/Lynx/LynxManager.module.php,6ce6c299708377c65f75e4318b9b379e
Label,Етикет,,site/modules/Lynx/src/LynxEditor.php,b021df6aac4654c454f46c77646e745f
Lang,Ланг,,site/modules/Lynx/LynxManager.module.php,263ab2eac2168d940fe76675ef8b3081
Language,език,,site/modules/Lynx/src/LynxEditor.php,4994a8ffeba4ac3140beb89e8d41f174
Languages,Езици,,site/modules/Lynx/LynxManager.module.php,3a08e2e340ab29fd9263af48193cbf8e
"Leave empty for no global footer credit.","Оставете празно за липса на глобален кредит в долния колонтитул.",,site/modules/Lynx/LynxManager.module.php,6ee9b026cb3e71979982bd83af7658f0
Link,Връзка,,site/modules/Lynx/LynxManager.module.php,97e7c9a7d06eac006a28bf05467fcc8b
"Link labels","Етикети за връзки",,site/modules/Lynx/src/LynxEditor.php,daee975c4395b45a46fe24eb7e0c9f84
"Link URL","Линк URL",,site/modules/Lynx/src/LynxEditor.php,5e4e1bd6f922fed062b62c446ca34f84
Links,Връзки,,site/modules/Lynx/src/LynxEditor.php,bd908db5ccb07777ced8023dffc802f4
links,връзки,,site/modules/Lynx/LynxManager.module.php,807765384d9d5527da8848df14a4f02f
"Live preview","Преглед на живо",,site/modules/Lynx/src/LynxEditor.php,7d0b61c6d390f6bc65400d474038b1f5
"Lynx settings","Lynx настройки",,site/modules/Lynx/LynxManager.module.php,638c8226b16d9bad2648ff2ffabd0f08
"Lynx settings saved.","Настройките на Lynx са запазени.",,site/modules/Lynx/LynxManager.module.php,b1a60dcdded6cc092b211e8a7d689acb
"Manage public routes, API behavior, analytics, languages, profile defaults and custom themes in one place.","Управлявайте публични маршрути, поведение на API, анализи, езици, профили по подразбиране и персонализирани теми на едно място.",,site/modules/Lynx/LynxManager.module.php,c1b78e29db7040de365f1f8d65469305
"My pages","Моите страници",,site/modules/Lynx/src/LynxEditor.php,f3518507a6c06d22116ea4537c1df949
"Need to change routes, languages, defaults or themes?","Трябва да промените маршрути, езици, настройки по подразбиране или теми?",,site/modules/Lynx/LynxManager.module.php,f8b4ae3fb0b2f15f410794a979cb48ef
"Network error","Мрежова грешка",,site/modules/Lynx/src/LynxEditor.php,42cd08444ffd9823bf4a06c4e5f8dec6
"New profile","Нов профил",,site/modules/Lynx/LynxManager.module.php,997517644b4f6fefdb597993958f8265
"No data yet","Все още няма данни",,site/modules/Lynx/LynxManager.module.php,ed532b409c1373ba1e586e65d01ce0ed
"No profiles to export","Няма профили за експортиране",,site/modules/Lynx/LynxManager.module.php,e3a5e3daaab8e0cec6ddee80200ab34b
"No profiles yet","Все още няма профили",,site/modules/Lynx/LynxManager.module.php,9c2aaad3118f130be1f2845386086e48
open,отворен,,site/modules/Lynx/src/LynxEditor.php,7cef8a734855777c2a9d0caf42666e69
Open,отворено,,site/modules/Lynx/src/LynxEditor.php,c3bf447eabe632720a3aa1a7ce401274
"Open admin","Отворете администратора",,site/modules/Lynx/src/LynxEditor.php,7d5373405d97b499e946b2d3e8496843
"Open settings","Отворете настройките",,site/modules/Lynx/LynxManager.module.php,bae08226d065231df6f01b08cd681c9b
"Open-source font loaded from Bunny Fonts on public pages. System UI makes no external font request.","Шрифт с отворен код, зареден от Bunny Fonts на публични страници. Системният потребителски интерфейс не прави заявка за външен шрифт.",,site/modules/Lynx/LynxManager.module.php,13065582b7c255d0eaa34aad80d77fd5
Paused,"На пауза",,site/modules/Lynx/src/LynxEditor.php,e99180abf47a8b3a856e0bcb2656990a
Peak,Пик,,site/modules/Lynx/LynxManager.module.php,a21e600ebbe2eab6697e3087ee1fdb9f
Portfolio,Портфолио,,site/modules/Lynx/src/LynxEditor.php,d4f859a96c13f551a2771b7fc3a78d38
"Preview built-in and custom themes. Pick one per profile in the profile editor's Appearance section.","Преглед на вградени и персонализирани теми. Изберете по един за профил в раздела Външен вид на редактора на профили.",,site/modules/Lynx/LynxManager.module.php,1e8fbd1d7d93299b798359829974fb73
"Primary destinations shown before content blocks. Drag to reorder.","Основните дестинации се показват преди блоковете на съдържанието. Плъзнете, за да пренаредите.",,site/modules/Lynx/src/LynxEditor.php,6113fbfcaa354c3d5e3a4a5b1715164f
Profile,Профил,,site/modules/Lynx/src/LynxEditor.php,cce99c598cfdb9773ab041d54c3d973a
"Profile bio","Биография на профила",,site/modules/Lynx/src/LynxEditor.php,1a0c8b45fd5999c5f63ad086586d64f6
"Profile defaults and themes","Профилни настройки по подразбиране и теми",,site/modules/Lynx/LynxManager.module.php,c8ea085640cc91c948724e94fd25df4c
"Profile slug","Профилен охлюв",,site/modules/Lynx/src/LynxEditor.php,08fc5c6cb2a67e7e491513fb6fdbc597
"Profile stats","Статистика на профила",,site/modules/Lynx/LynxManager.module.php,7339f4a6cfa5eb0ecfb0dbae1afc74f1
"Profile title","Име на профила",,site/modules/Lynx/src/LynxEditor.php,065de8e44a9ce1fb046b0cfe5d0c60ff
"Profile views","Преглеждания на профили",,site/modules/Lynx/LynxManager.module.php,ff6ca4d7752aac4721b34783e27bba70
Profiles,Профили,,site/modules/Lynx/LynxManager.module.php,d0f25115288c15321ecf672f0d6a83ea
profiles,профили,,site/modules/Lynx/LynxManager.module.php,d970728376beb137057865c63baa822f
"Profiles are served at /{segment}/{slug}. Leave blank to serve them from /{slug}.","Профилите се сервират на /{segment}/{slug}. Оставете празно, за да ги обслужвате от /{slug}.",,site/modules/Lynx/LynxManager.module.php,3c1960ad8e6c7f1ba0c8f0b1b8be70a8
"Project card","Карта на проекта",,site/modules/Lynx/src/LynxContent.php,405918c6c6fe181fe2f327a85aee93ea
"Public page cache (seconds)","Кеш на публична страница (секунди)",,site/modules/Lynx/LynxManager.module.php,a0c735c9c4eb6c14a7f79c109ecbf042
"Public profiles","Публични профили",,site/modules/Lynx/LynxManager.module.php,5d647f9d5891c440f2cbfc4dd7379f38
"Public root","Публичен корен",,site/modules/Lynx/LynxManager.module.php,a3849d1c7b7bde52a149b686af92c7e4
"Public root segment","Публичен корен сегмент",,site/modules/Lynx/LynxManager.module.php,8bf10e7e67d6c37934ad1f41a3d99e10
"Public routes, API and analytics","Публични маршрути, API и анализи",,site/modules/Lynx/LynxManager.module.php,be7ff6864bc02fee816637b2d34650b9
Publishing,Издателство,,site/modules/Lynx/LynxManager.module.php,9fb1f5afe9ff67d5c606041aca565287
"Quote text","Цитат текст",,site/modules/Lynx/src/LynxEditor.php,064f2182f6decb50a51017f04a4750e7
"Records redirect clicks for analytics. Public preview requests do not count as views.","Записва пренасочване на кликвания за анализи. Заявките за публичен преглед не се броят за прегледи.",,site/modules/Lynx/LynxManager.module.php,7e624d9afe7d6889c85ec34140ebc2d7
Remove,Премахнете,,site/modules/Lynx/src/LynxEditor.php,1063e38cb53d94d386f21227fcd84717
"Resize editor and preview","Редактор за преоразмеряване и преглед",,site/modules/Lynx/src/LynxEditor.php,57558789b00b2fb2878811addd965bed
"REST API","REST API",,site/modules/Lynx/LynxManager.module.php,aba3d4b49c454e1974970e7b5514b001
"Review public profiles, activity and publishing status.","Прегледайте публични профили, активност и статус на публикуване.",,site/modules/Lynx/LynxManager.module.php,e7fd0ef5cbc864781adf7fb35aa1c063
Role,Роля,,site/modules/Lynx/src/LynxEditor.php,bbbabdbe1b262f75d99d62880b953be1
Save,Запазване,,site/modules/Lynx/src/LynxEditor.php,c9cc8cce247e49bae79f15173ce97354
"Save settings","Запазете настройките",,site/modules/Lynx/LynxManager.module.php,d4dccb8ca2dac4e53c01bd9954755332
Saved,Запазено,,site/modules/Lynx/src/LynxEditor.php,248336101b461380a4b2391a7625493d
Saving…,"Запазва се...",,site/modules/Lynx/src/LynxEditor.php,eedf6b8bfc83284c3294ec4b38188e8a
"Section title (optional)","Заглавие на раздел (по избор)",,site/modules/Lynx/src/LynxEditor.php,8197536b7dbc7d81e3f6f55d2f9fb89b
"SEO description","SEO описание",,site/modules/Lynx/src/LynxEditor.php,5e80ff6b42ba7ac082f4e837e55f3773
"SEO title","SEO заглавие",,site/modules/Lynx/src/LynxEditor.php,5bf2d0d13c985f44ca2569d30c966639
Settings,Настройки,,site/modules/Lynx/LynxManager.module.php,f4f70727dc34561dfde1a3c529b6205c
"Short bio","Кратка биография",,site/modules/Lynx/src/LynxEditor.php,c6e972eaba197fe193f88d4717b91010
"Shown as a small footer credit on public profile pages when filled.","Показва се като малък кредит в долния колонтитул на страниците с обществени профили, когато е попълнен.",,site/modules/Lynx/LynxManager.module.php,b8719813cd8f62b714b35bfd75008fbc
"Site root","Корен на сайта",,site/modules/Lynx/LynxManager.module.php,8104764c9e47b48fbca8b4365109bf94
Slug,охлюв,,site/modules/Lynx/LynxManager.module.php,0c908588520b3ef787bce443fc2b507c
"Social presets","Социални предварителни настройки",,site/modules/Lynx/src/LynxEditor.php,81aabb6fef4856433b1e4be623401bd7
stats,статистика,,site/modules/Lynx/LynxManager.module.php,446501053769c06c565094b26d26e8ef
Status,Статус,,site/modules/Lynx/LynxManager.module.php,ec53a8c4f07baed5d8825072c89799be
"Supported public languages","Поддържани публични езици",,site/modules/Lynx/LynxManager.module.php,d6fd1ecdea2ce8841d3326151abf350e
"Testimonial / quote","Препоръка / цитат",,site/modules/Lynx/src/LynxContent.php,7061c92304d091d2e12e5d06d793b9d3
Theme,Тема,,site/modules/Lynx/src/LynxEditor.php,d721757161f7f70c5b0949fdb6ec2c30
"Theme gallery","Галерия с теми",,site/modules/Lynx/LynxManager.module.php,4224e18028388126b8cc01ab86edaa5d
"Theme settings","Настройки на темата",,site/modules/Lynx/LynxManager.module.php,55b8deb25fdc0f8b628027f7d1d21cbe
"Theme, accent and open-source font for the public page.","Тема, акцент и шрифт с отворен код за публичната страница.",,site/modules/Lynx/src/LynxEditor.php,bc6bc3de3fbb4c28c8887057b459fd58
Themes,Теми,,site/modules/Lynx/LynxManager.module.php,83915d1254927f41241e8630890bec6e
"These defaults apply to newly created profiles. Existing profiles keep their own selections.","Тези настройки по подразбиране се прилагат за новосъздадени профили. Съществуващите профили запазват своите собствени селекции.",,site/modules/Lynx/LynxManager.module.php,8964183f34cb8216a0ded5015ddd806f
"These settings control where profiles are served and what public data is available.","Тези настройки контролират къде се обслужват профилите и какви публични данни са налични.",,site/modules/Lynx/LynxManager.module.php,f96ce7b187d5628a8d6d265d668b8fe2
Title,Заглавие,,site/modules/Lynx/LynxManager.module.php,b78a3223503896721cca1303f776159b
Today,Днес,,site/modules/Lynx/LynxManager.module.php,1dd1c5fb7f25cd41b291d43a89e3aefd
"Top by clicks","Топ по кликвания",,site/modules/Lynx/LynxManager.module.php,816d03809335c71ef74ca7141861072e
"Top by views","Топ по гледания",,site/modules/Lynx/LynxManager.module.php,9b161f82969852e489a23309de8aa324
Total,Общо,,site/modules/Lynx/LynxManager.module.php,96b0141273eabab320119c467cdcaf17
"Total clicks","Общо кликвания",,site/modules/Lynx/LynxManager.module.php,dfe69c87a315e85e759b349522448743
"Track link clicks","Проследяване на кликвания върху връзки",,site/modules/Lynx/LynxManager.module.php,78c9095d84f5a2c50b215d6fd349805c
Translations,Преводи,,site/modules/Lynx/src/LynxEditor.php,0b8d92bc19b720bb1065649535463409
Unknown,неизвестен,,site/modules/Lynx/src/LynxEditor.php,88183b946cc5f0e8c96b2e66e1c74a7e
"Unsaved changes","Незапазени промени",,site/modules/Lynx/src/LynxEditor.php,c227ad77f168e7fd3e21583b324eddf4
"Untitled link","Линк без заглавие",,site/modules/Lynx/src/LynxEditor.php,46ac7bf858b1c4f4a8a1813357141358
Updated,Актуализиран,,site/modules/Lynx/LynxManager.module.php,ff0a3b7f3daef040faf89a88fdac01b7
Upload,Качване,,site/modules/Lynx/src/LynxEditor.php,91412465ea9169dfd901dd5e7c96dd99
"Upload failed","Качването не бе успешно",,site/modules/Lynx/src/LynxEditor.php,299cb00a7a52f5147beda49090e08541
"Upload or paste a Lynx JSON export. Use overwrite only when replacing known profiles.","Качете или поставете Lynx JSON експорт. Използвайте презаписване само когато заменяте известни профили.",,site/modules/Lynx/LynxManager.module.php,f090cb51518062008ab5da55420953f4
Uploading…,Качване...,,site/modules/Lynx/src/LynxEditor.php,adeb2359b7930f63db78324162d40aa7
"Use a full hex value such as #1e87f0.","Използвайте пълна шестнадесетична стойност като #1e87f0.",,site/modules/Lynx/LynxManager.module.php,2ed1fb1266bba96d1eed2d462bab7298
"Use a JSON map with styles.tailwind selector utilities or styles.css. More blueprints live in blueprints/themes/.","Използвайте JSON карта с помощни програми за избор на styles.tailwind или styles.css. Още чертежи живеят в чертежи/теми/.",,site/modules/Lynx/LynxManager.module.php,cd41521774cbff46b73efb7717c962e2
"Use a short lowercase slug. You can edit the profile details on the next screen.","Използвайте кратък охлюв с малки букви. Можете да редактирате подробностите за профила на следващия екран.",,site/modules/Lynx/src/LynxEditor.php,373566ee21c60454b10ce228bfdb1c95
"Use in profile","Използвайте в профил",,site/modules/Lynx/LynxManager.module.php,ac454f63cbd69527467dbced3e0a6ec6
"Used only when creating a new profile. Existing profiles keep their selected theme.","Използва се само при създаване на нов профил. Съществуващите профили запазват избраната от тях тема.",,site/modules/Lynx/LynxManager.module.php,b24b06250cd4cd80ac61f171df6d42a1
"Video embed","Вграждане на видео",,site/modules/Lynx/src/LynxContent.php,4a1355fa2b1e6e2504fe0b0396b436a8
View,Преглед,,site/modules/Lynx/src/LynxEditor.php,4351cfebe4b61d8aa5efa1d020710005
Views,Изгледи,,site/modules/Lynx/LynxManager.module.php,ed4832a84ee072b00a6740f657183598
"When off, profile routes return not found while admin management and stored data remain available.","Когато е изключено, маршрутите на профили се връщат без намерени, докато администраторското управление и съхранените данни остават налични.",,site/modules/Lynx/LynxManager.module.php,3e4a2eaf486e66ca069e52668a29f0f5
"When on, active public profiles are exposed through /{root}/api endpoints.","Когато е включено, активните обществени профили се показват през /{root}/api крайни точки.",,site/modules/Lynx/LynxManager.module.php,8b89ee5afa1176c2da7c9e3aca008d89
"You don't have access to this page.","Нямате достъп до тази страница.",,site/modules/Lynx/src/LynxEditor.php,de45ace667916bbeead1992d229a5dea
"You don't have any pages yet.","Все още нямате страници.",,site/modules/Lynx/src/LynxEditor.php,4faf91348ce30eee28adf26851aa02a3
"YouTube / Vimeo URL","YouTube / Vimeo URL",,site/modules/Lynx/src/LynxEditor.php,0f63600c144f1ca7e0342e1ba3d22733
"Use one profile as the homepage","Използване на един профил като начална страница",,site/modules/Lynx/LynxManager.module.php,93370a0ff03509a9b0f371804770672b
"For a one-profile website, render a Lynx profile directly from a ProcessWire template such as site/templates/home.php.","За сайт с един профил изведете Lynx профил директно от ProcessWire шаблон като site/templates/home.php.",,site/modules/Lynx/LynxManager.module.php,b144b5e99a5052a810916def53eb2f82
"Replace max with the profile slug you want to publish on the homepage. Public Lynx routes can stay enabled or be used only for editor previews.","Заменете max със slug на профила, който искате да публикувате на началната страница. Публичните Lynx маршрути могат да останат включени или да се използват само за прегледи в редактора.",,site/modules/Lynx/LynxManager.module.php,76bebcc6db46da676c924c0371de12da
"Install demo profiles","Инсталиране на демо профили",,site/modules/Lynx/LynxManager.module.php,e67e2bb7532cd1ab31627d0b00fee746
"Create a ready-to-edit set of multilingual public profiles with links, blocks, scheduling, theme settings and open-source fonts.","Създайте готов набор от многоезични публични профили с връзки, блокове, график, теми и open-source шрифтове.",,site/modules/Lynx/LynxManager.module.php,304a1e2755d85d808ec35bed45deeb77
"What gets installed","Какво се инсталира",,site/modules/Lynx/LynxManager.module.php,2c4cc9a7b1a22102e2a435c5ab90ea73
"The demo package is designed for testing a production-shaped setup: different regions, base languages, themes, fonts, translated labels and mixed content blocks.","Демо пакетът е за тест на реалистична настройка: различни региони, основни езици, теми, шрифтове, преведени етикети и смесени блокове съдържание.",,site/modules/Lynx/LynxManager.module.php,4bf2b580197372a50d4d09259c7705b3
"Import behavior","Поведение при импорт",,site/modules/Lynx/LynxManager.module.php,c0b6ce2bb2979fe08bf9671c475ff475
"With overwrite off, existing slugs are preserved and imported copies receive -2, -3 suffixes. Enable overwrite only when refreshing demo content on a development site.","Когато презаписването е изключено, съществуващите slug адреси се пазят, а копията получават суфикси -2, -3. Включвайте презаписване само при обновяване на демо съдържание в development сайт.",,site/modules/Lynx/LynxManager.module.php,c271588ee53511fdca8a7fc622ebf16d
Region,Регион,,site/modules/Lynx/LynxManager.module.php,f447ac856e7e72435904956e3b15f433
"Install these profiles into the current site. They remain editable in Lynx Manager and the front-end editor after import.","Инсталирайте тези профили в текущия сайт. След импорта те остават редактируеми в Lynx Manager и front-end редактора.",,site/modules/Lynx/LynxManager.module.php,c330a98e5f9a6da745ec823ebb8421f4
"Delete this profile and all its links, blocks and click history?","Да се изтрие ли този профил заедно с всички връзки, блокове и история на кликовете?",,site/modules/Lynx/LynxManager.module.php,5279831613493a901e98e1d5fa206ff9
delete,изтрий,,site/modules/Lynx/LynxManager.module.php,099af53f601532dbd31e0ea99ffdeb64
"Invalid CSRF token.","Невалиден CSRF token.",,site/modules/Lynx/LynxManager.module.php,9ba8da419f01d0c1b27e666e6101f589
"Profile not found.","Профилът не е намерен.",,site/modules/Lynx/LynxManager.module.php,bd6971db0a8b007ea18e30a504f56eef
"Deleted profile: %s","Изтрит профил: %s",,site/modules/Lynx/LynxManager.module.php,3778c11aedc56f414dbeb33e6f357e50
Background,Фон,,site/modules/Lynx/src/LynxEditor.php,a9ded1e5ce5d75814730bb4caaf49419
"Background type","Тип фон",,site/modules/Lynx/src/LynxEditor.php,138601ff53566fa4484c49830e45f7c7
"Theme default","По подразбиране от темата",,site/modules/Lynx/src/LynxEditor.php,618acef20de1e3f5b6d4377473c9a54c
Color,Цвят,,site/modules/Lynx/src/LynxEditor.php,cb5feb1b7314637725a2e73bdc9f7295
"Image URL","URL на изображение",,site/modules/Lynx/src/LynxEditor.php,427b6d816d7fdd86cabe48d8180a3cc9
"Gradient CSS","CSS градиент",,site/modules/Lynx/src/LynxEditor.php,f19a4cd9e66dde8c98bae89a430aa1ed
"Background value","Стойност на фона",,site/modules/Lynx/src/LynxEditor.php,acd31a3c06e429936f730d19da6fc4fd
"Use a color, uploaded image URL, or CSS gradient for the public page background.","Използвайте цвят, качен URL на изображение или CSS градиент за фона на публичната страница.",,site/modules/Lynx/src/LynxEditor.php,179c2c553e0b5c89da372d5dc0c77bf9
