en,zh,description,file,hash
"%d links · %d blocks · %d views · %d clicks","%d links · %d blocks · %d views · %d clicks",,site/modules/Lynx/src/LynxEditor.php,76fe6610f3dec67c49143eed9a0fcda3
"Accent color",强调色,,site/modules/Lynx/src/LynxEditor.php,175fc2dd557f01dc3e0c98f813c9b5ef
active,活跃的,,site/modules/Lynx/LynxManager.module.php,c76a5e84e4bdee527e274ea30c680d79
Active,积极的,,site/modules/Lynx/src/LynxEditor.php,4d3d769b812b6faa6b76e1a8abaece2d
"Add image",添加图片,,site/modules/Lynx/src/LynxEditor.php,82822fc45c633a738a005ed9e0d2640b
"Add link",添加链接,,site/modules/Lynx/src/LynxEditor.php,32210b37e4d23029d6ee2f5149e9c3e1
"Add project",添加项目,,site/modules/Lynx/src/LynxEditor.php,9e7fb85d92139642c3953979ae8cee0a
"Add project themes without editing PHP. Theme IDs must be unique and should use letters, numbers or underscores.","添加项目主题而无需编辑 PHP。主题 ID 必须是唯一的，并且应使用字母、数字或下划线。",,site/modules/Lynx/LynxManager.module.php,5ffc0c017fe919a5701a54c627220333
"Add quote",添加报价,,site/modules/Lynx/src/LynxEditor.php,2c2fbcc0f3fe666b09e6667747b2119c
"Add richer sections below the link list: images, projects, video or quotes.",在链接列表下方添加更丰富的部分：图像、项目、视频或引言。,,site/modules/Lynx/src/LynxEditor.php,ccbbc1a9e9f546ee5834390e6d4e5d72
"Add video",添加视频,,site/modules/Lynx/src/LynxEditor.php,be42c759c49a8aa51d22c9286510b53e
"Add which social?",添加哪个社交？,,site/modules/Lynx/src/LynxEditor.php,6260cb547388e62f2e5d9d177b7b1d6c
"All Lynx settings are available in one manager screen.","所有 Lynx 设置均可在一个管理器屏幕中使用。",,site/modules/Lynx/LynxManager.module.php,3f3bac394d16afc524b4178d2e08e3a4
Appearance,外貌,,site/modules/Lynx/src/LynxEditor.php,a1c58e94227389415de133efdf78ea6e
Author,作者,,site/modules/Lynx/src/LynxEditor.php,a517747c3d12f99244ae598910d979c5
"Available themes",可用主题,,site/modules/Lynx/LynxManager.module.php,22d92fe2c3a7f628916daa35aecd1c94
Avatar,阿凡达,,site/modules/Lynx/src/LynxEditor.php,32036005d1f6ed59803ba3e13c80993e
avg/profile,平均/概况,,site/modules/Lynx/LynxManager.module.php,ee8e551afb090e941856aaf1f7de1185
"Base language",基础语言,,site/modules/Lynx/src/LynxEditor.php,9e0a11477e97adb1a0ec9ca89c9be934
"Block titles",块标题,,site/modules/Lynx/src/LynxEditor.php,b7eda8007b1a5a571f5dcd19bf35efa8
Blocks,积木,,site/modules/Lynx/LynxManager.module.php,04c4f9f595c4f21d1de65eb07056c15a
"Brand name",品牌名称,,site/modules/Lynx/LynxManager.module.php,336bd41809f97cc8ff2c5842958c29bc
Built-in,内置,,site/modules/Lynx/LynxManager.module.php,f09090e6eca8bb5cc1a878687719625a
Button,按钮,,site/modules/Lynx/src/LynxEditor.php,87b7760f14fbff78d8819291f36ab9a0
"Cache rendered public pages for anonymous visitors via WireCache. 0 = disabled. Pages are invalidated when profile content changes.","通过 WireCache 为匿名访问者缓存呈现的公共页面。 0 = 禁用。当配置文件内容更改时，页面将失效。",,site/modules/Lynx/LynxManager.module.php,8fb55c7fa0150b95c345337dd23aed6e
caption,标题,,site/modules/Lynx/src/LynxEditor.php,7a7dc1cda8a5f2b4be2dcb815907d56e
"Click history retention (days)",点击历史记录保留（天）,,site/modules/Lynx/LynxManager.module.php,ff807ecd5eb2e102ec6677fde5f6ac7b
"click rate",点击率,,site/modules/Lynx/LynxManager.module.php,4bd507f6e49e39124d335cd7ffeb6ecd
Clicks,点击次数,,site/modules/Lynx/LynxManager.module.php,cbdb553aaace16e77bb205e9bc3375ef
"Clicks by link",通过链接点击,,site/modules/Lynx/LynxManager.module.php,4a2b241ab89d7b17898d5e444883b9b7
"Clicks per day",每日点击次数,,site/modules/Lynx/LynxManager.module.php,530767139c40ca798ef2c02d127d1c94
Columns,专栏,,site/modules/Lynx/src/LynxEditor.php,168b82d33f8073018c50a4f658a02559
"Comma-separated ISO language codes. Profiles can be served at /{root}/{lang}/{slug}.","以逗号分隔的 ISO 语言代码。配置文件可以在 /{root}/{lang}/{slug} 处提供。",,site/modules/Lynx/LynxManager.module.php,37a8f8bbdaebc7a6716b9c7fe2ce95dd
"Core identity, language and visual style for the public page.",公共页面的核心标识、语言和视觉风格。,,site/modules/Lynx/src/LynxEditor.php,f7035378d83c6183ec74d863f4420673
"Create a ready-to-edit multilingual profile with links, blocks, scheduling and theme settings.",创建一个可编辑的多语言配置文件，其中包含链接、块、日程安排和主题设置。,,site/modules/Lynx/LynxManager.module.php,7fcc598769d7c5bfc530b86f2b8dd7f4
"Create new page",创建新页面,,site/modules/Lynx/src/LynxEditor.php,0a69a91dd9f6782cd8658c06532f5002
"Create or import profiles before exporting.",导出之前创建或导入配置文件。,,site/modules/Lynx/LynxManager.module.php,7b5850802dd26a11d51d4bf0890aa555
"Create profile",创建个人资料,,site/modules/Lynx/src/LynxEditor.php,c4b24a59396e1771942af28135f8bcf0
"Create the first profile, then add links, blocks, languages and a theme.",创建第一个配置文件，然后添加链接、块、语言和主题。,,site/modules/Lynx/src/LynxEditor.php,7af6ca4fc99e4c99ac1c20b4d2fd75ab
"Create your first Lynx profile to publish links, media blocks and translations.","创建您的第一个 Lynx 个人资料以发布链接、媒体块和翻译。",,site/modules/Lynx/LynxManager.module.php,bebeddff3154e3de7decf1b5a44cffdf
CTR,CTR,,site/modules/Lynx/LynxManager.module.php,ff2a7a5418a49af64a57ef3cf31d7721
Custom,定制,,site/modules/Lynx/LynxManager.module.php,90589c47f06eb971d548591f23c285af
"Custom themes JSON","自定义主题 JSON",,site/modules/Lynx/LynxManager.module.php,b57f51970437eea0daafc89a7dae2efc
"Custom themes JSON could not be parsed.","无法解析自定义主题 JSON。",,site/modules/Lynx/LynxManager.module.php,89f6259116c741a6362eb6dd5c04ee94
"Daily clicks (30 days)","每日点击次数（30 天）",,site/modules/Lynx/LynxManager.module.php,a16051bd2489eb57a982e89e0cec2deb
"Daily clicks over the last 30 days","过去 30 天内的每日点击次数",,site/modules/Lynx/LynxManager.module.php,da7180d144d6ab396390d8569bab2037
Dashboard,仪表板,,site/modules/Lynx/LynxManager.module.php,2938c7f7e560ed972f8a4f68e80ff834
Default,默认,,site/modules/Lynx/LynxManager.module.php,7a1920d61156abc05a60135aefe8bc67
"Default accent color",默认强调色,,site/modules/Lynx/LynxManager.module.php,6baba551119e8228a6cb49e3c9e6f044
"Default font for new profiles",新配置文件的默认字体,,site/modules/Lynx/LynxManager.module.php,651c5763dcd1c00fc2e8463a75ad157d
"Default for new profiles",新配置文件的默认设置,,site/modules/Lynx/LynxManager.module.php,b292f4809a16a885af9f794bdcb02d7e
"Default language",默认语言,,site/modules/Lynx/LynxManager.module.php,c96a77fb323a41898c3b6941a58dc741
"Default profile language",默认配置文件语言,,site/modules/Lynx/LynxManager.module.php,276ed2c86edee62b2d9a2c6d4a58ac22
"Default theme for new profiles",新配置文件的默认主题,,site/modules/Lynx/LynxManager.module.php,128f433ccae66106cb4f6dc1cc6c6f83
Description,描述,,site/modules/Lynx/src/LynxEditor.php,b5a7adde1af5c87d7fd797b6245c2a39
"Detailed click rows older than this are purged daily via LazyCron. Per-link totals are kept. 0 = keep forever.","每天通过 LazyCron 清除早于此时间的详细点击行。保留每个链接的总数。 0 = 永久保留。",,site/modules/Lynx/LynxManager.module.php,6f88af96b8c2b781dcc20e7c0b075788
"Display name",显示名称,,site/modules/Lynx/src/LynxEditor.php,bc9e270b7b1a09eeac794d32b3d9dc8f
download,下载,,site/modules/Lynx/LynxManager.module.php,fd456406745d816a45cae554c788e754
"Download all profiles as a portable JSON file, or export a single profile.","将所有配置文件下载为便携式 JSON 文件，或导出单个配置文件。",,site/modules/Lynx/LynxManager.module.php,3bfef6db8ccd43d09c4b518314a51bcd
edit,编辑,,site/modules/Lynx/LynxManager.module.php,de95b43bceeb4b998aed4aed5cef1ae7
Edit,编辑,,site/modules/Lynx/src/LynxEditor.php,7dce122004969d56ae2e0245cb754d35
"Edit public profiles, check their status and jump back to Lynx Manager when you need admin tools.","编辑公共配置文件、检查其状态并在需要管理工具时跳回 Lynx Manager。",,site/modules/Lynx/src/LynxEditor.php,c5d4848c6a9acf9848e5e6da7dc738c4
"Editing: %s",编辑：%s,,site/modules/Lynx/src/LynxEditor.php,bc630012d4d4bd7330721d6a0fd315d7
"Enable public pages",启用公共页面,,site/modules/Lynx/LynxManager.module.php,51ad7ffb03f3aa82fe0e83b4f4dbc6ba
"Enable REST API","启用REST API",,site/modules/Lynx/LynxManager.module.php,9831726a72fcaadd86ae5137237d4414
Error,错误,,site/modules/Lynx/src/LynxEditor.php,902b0d55fddef6f8d651fe1035b7d4bd
Export,出口,,site/modules/Lynx/LynxManager.module.php,0095a9fa74d1713e43e370a7d7846224
"Export all (%d)",全部导出（%d）,,site/modules/Lynx/LynxManager.module.php,a2157b78b8481ca1cfefe952be20e0d7
"Export profiles",导出配置文件,,site/modules/Lynx/LynxManager.module.php,117bb1370b9225ed229f9f167e2943f7
Font,字体,,site/modules/Lynx/src/LynxEditor.php,194f5394ae2e9c74dc3c441b92862d1d
Heading,标题,,site/modules/Lynx/src/LynxEditor.php,0101316665d4f82adaa26d86fbbb2d6e
"Hex color used by themes that reference var(--lynx-accent).","引用 var(--lynx-accent) 的主题使用的十六进制颜色。",,site/modules/Lynx/LynxManager.module.php,84ec45145026d09c84103abbdabf941a
hidden,隐藏的,,site/modules/Lynx/LynxManager.module.php,662f707d5491e9bce8238a6c0be92190
icon,图标,,site/modules/Lynx/src/LynxEditor.php,baec6461b0d69dde1b861aefbe375d8a
Image,图片,,site/modules/Lynx/src/LynxEditor.php,be53a0541a6d36f6ecb879fa2c584b08
"Image gallery",图片库,,site/modules/Lynx/src/LynxContent.php,642fa08fba951378dca25cf328a60b56
"image URL or upload",图片URL或上传,,site/modules/Lynx/src/LynxEditor.php,fba8a0cdef26b485b47038c91f76794c
Import,进口,,site/modules/Lynx/LynxManager.module.php,72d6d7a1885885bb55a565fd1070581a
"Import profiles",导入配置文件,,site/modules/Lynx/LynxManager.module.php,0c3701cd017935bef96462fa57f3e933
"Install demo",安装演示,,site/modules/Lynx/LynxManager.module.php,27408872be41239d8318a8c67375fa7b
"Install demo profile",安装演示配置文件,,site/modules/Lynx/LynxManager.module.php,d5375845b4948e986b351e515b2f0f8f
"ISO language code used when a profile does not specify its own base language.","当配置文件未指定其自己的基本语言时使用 ISO 语言代码。",,site/modules/Lynx/LynxManager.module.php,f59cb1095e2fb4599daa7f179137c74e
"Keep the default language in this list. Unsupported language requests fall back to the profile base language.",在此列表中保留默认语言。不受支持的语言请求将回退到配置文件基本语言。,,site/modules/Lynx/LynxManager.module.php,6ce6c299708377c65f75e4318b9b379e
Label,标签,,site/modules/Lynx/src/LynxEditor.php,b021df6aac4654c454f46c77646e745f
Lang,郎,,site/modules/Lynx/LynxManager.module.php,263ab2eac2168d940fe76675ef8b3081
Language,语言,,site/modules/Lynx/src/LynxEditor.php,4994a8ffeba4ac3140beb89e8d41f174
Languages,语言,,site/modules/Lynx/LynxManager.module.php,3a08e2e340ab29fd9263af48193cbf8e
"Leave empty for no global footer credit.",留空则没有全局页脚信用。,,site/modules/Lynx/LynxManager.module.php,6ee9b026cb3e71979982bd83af7658f0
Link,链接,,site/modules/Lynx/LynxManager.module.php,97e7c9a7d06eac006a28bf05467fcc8b
"Link labels",链接标签,,site/modules/Lynx/src/LynxEditor.php,daee975c4395b45a46fe24eb7e0c9f84
"Link URL","链接 URL",,site/modules/Lynx/src/LynxEditor.php,5e4e1bd6f922fed062b62c446ca34f84
Links,友情链接,,site/modules/Lynx/src/LynxEditor.php,bd908db5ccb07777ced8023dffc802f4
links,链接,,site/modules/Lynx/LynxManager.module.php,807765384d9d5527da8848df14a4f02f
"Live preview",实时预览,,site/modules/Lynx/src/LynxEditor.php,7d0b61c6d390f6bc65400d474038b1f5
"Lynx settings",Lynx设置,,site/modules/Lynx/LynxManager.module.php,638c8226b16d9bad2648ff2ffabd0f08
"Lynx settings saved.","Lynx 设置已保存。",,site/modules/Lynx/LynxManager.module.php,b1a60dcdded6cc092b211e8a7d689acb
"Manage public routes, API behavior, analytics, languages, profile defaults and custom themes in one place.","在一处管理公共路由、API 行为、分析、语言、配置文件默认值和自定义主题。",,site/modules/Lynx/LynxManager.module.php,c1b78e29db7040de365f1f8d65469305
"My pages",我的页面,,site/modules/Lynx/src/LynxEditor.php,f3518507a6c06d22116ea4537c1df949
"Need to change routes, languages, defaults or themes?",需要更改路线、语言、默认设置或主题吗？,,site/modules/Lynx/LynxManager.module.php,f8b4ae3fb0b2f15f410794a979cb48ef
"Network error",网络错误,,site/modules/Lynx/src/LynxEditor.php,42cd08444ffd9823bf4a06c4e5f8dec6
"New profile",新的个人资料,,site/modules/Lynx/LynxManager.module.php,997517644b4f6fefdb597993958f8265
"No data yet",还没有数据,,site/modules/Lynx/LynxManager.module.php,ed532b409c1373ba1e586e65d01ce0ed
"No profiles to export",没有要导出的配置文件,,site/modules/Lynx/LynxManager.module.php,e3a5e3daaab8e0cec6ddee80200ab34b
"No profiles yet",还没有个人资料,,site/modules/Lynx/LynxManager.module.php,9c2aaad3118f130be1f2845386086e48
open,打开,,site/modules/Lynx/src/LynxEditor.php,7cef8a734855777c2a9d0caf42666e69
Open,打开,,site/modules/Lynx/src/LynxEditor.php,c3bf447eabe632720a3aa1a7ce401274
"Open admin",打开管理,,site/modules/Lynx/src/LynxEditor.php,7d5373405d97b499e946b2d3e8496843
"Open settings",打开设置,,site/modules/Lynx/LynxManager.module.php,bae08226d065231df6f01b08cd681c9b
"Open-source font loaded from Bunny Fonts on public pages. System UI makes no external font request.","从公共页面上的 Bunny Fonts 加载的开源字体。系统 UI 不发出外部字体请求。",,site/modules/Lynx/LynxManager.module.php,13065582b7c255d0eaa34aad80d77fd5
Paused,已暂停,,site/modules/Lynx/src/LynxEditor.php,e99180abf47a8b3a856e0bcb2656990a
Peak,巅峰,,site/modules/Lynx/LynxManager.module.php,a21e600ebbe2eab6697e3087ee1fdb9f
Portfolio,投资组合,,site/modules/Lynx/src/LynxEditor.php,d4f859a96c13f551a2771b7fc3a78d38
"Preview built-in and custom themes. Pick one per profile in the profile editor's Appearance section.",预览内置和自定义主题。在配置文件编辑器的外观部分为每个配置文件选择一个。,,site/modules/Lynx/LynxManager.module.php,1e8fbd1d7d93299b798359829974fb73
"Primary destinations shown before content blocks. Drag to reorder.",主要目的地显示在内容块之前。拖动以重新排序。,,site/modules/Lynx/src/LynxEditor.php,6113fbfcaa354c3d5e3a4a5b1715164f
Profile,公司简介,,site/modules/Lynx/src/LynxEditor.php,cce99c598cfdb9773ab041d54c3d973a
"Profile bio",个人简介,,site/modules/Lynx/src/LynxEditor.php,1a0c8b45fd5999c5f63ad086586d64f6
"Profile defaults and themes",配置文件默认值和主题,,site/modules/Lynx/LynxManager.module.php,c8ea085640cc91c948724e94fd25df4c
"Profile slug",型材块,,site/modules/Lynx/src/LynxEditor.php,08fc5c6cb2a67e7e491513fb6fdbc597
"Profile stats",个人资料统计,,site/modules/Lynx/LynxManager.module.php,7339f4a6cfa5eb0ecfb0dbae1afc74f1
"Profile title",个人资料标题,,site/modules/Lynx/src/LynxEditor.php,065de8e44a9ce1fb046b0cfe5d0c60ff
"Profile views",个人资料视图,,site/modules/Lynx/LynxManager.module.php,ff6ca4d7752aac4721b34783e27bba70
Profiles,型材,,site/modules/Lynx/LynxManager.module.php,d0f25115288c15321ecf672f0d6a83ea
profiles,简介,,site/modules/Lynx/LynxManager.module.php,d970728376beb137057865c63baa822f
"Profiles are served at /{segment}/{slug}. Leave blank to serve them from /{slug}.","配置文件在 /{segment}/{slug} 处提供。留空以从 /{slug} 提供服务。",,site/modules/Lynx/LynxManager.module.php,3c1960ad8e6c7f1ba0c8f0b1b8be70a8
"Project card",项目卡,,site/modules/Lynx/src/LynxContent.php,405918c6c6fe181fe2f327a85aee93ea
"Public page cache (seconds)",公共页面缓存（秒）,,site/modules/Lynx/LynxManager.module.php,a0c735c9c4eb6c14a7f79c109ecbf042
"Public profiles",公开资料,,site/modules/Lynx/LynxManager.module.php,5d647f9d5891c440f2cbfc4dd7379f38
"Public root",公共根,,site/modules/Lynx/LynxManager.module.php,a3849d1c7b7bde52a149b686af92c7e4
"Public root segment",公共根段,,site/modules/Lynx/LynxManager.module.php,8bf10e7e67d6c37934ad1f41a3d99e10
"Public routes, API and analytics","公共路线、API 和分析",,site/modules/Lynx/LynxManager.module.php,be7ff6864bc02fee816637b2d34650b9
Publishing,出版,,site/modules/Lynx/LynxManager.module.php,9fb1f5afe9ff67d5c606041aca565287
"Quote text",引用文字,,site/modules/Lynx/src/LynxEditor.php,064f2182f6decb50a51017f04a4750e7
"Records redirect clicks for analytics. Public preview requests do not count as views.",记录重定向点击以进行分析。公开预览请求不计为观看次数。,,site/modules/Lynx/LynxManager.module.php,7e624d9afe7d6889c85ec34140ebc2d7
Remove,删除,,site/modules/Lynx/src/LynxEditor.php,1063e38cb53d94d386f21227fcd84717
"Resize editor and preview",调整编辑器大小和预览,,site/modules/Lynx/src/LynxEditor.php,57558789b00b2fb2878811addd965bed
"REST API","REST API",,site/modules/Lynx/LynxManager.module.php,aba3d4b49c454e1974970e7b5514b001
"Review public profiles, activity and publishing status.",查看公共资料、活动和发布状态。,,site/modules/Lynx/LynxManager.module.php,e7fd0ef5cbc864781adf7fb35aa1c063
Role,角色,,site/modules/Lynx/src/LynxEditor.php,bbbabdbe1b262f75d99d62880b953be1
Save,保存,,site/modules/Lynx/src/LynxEditor.php,c9cc8cce247e49bae79f15173ce97354
"Save settings",保存设置,,site/modules/Lynx/LynxManager.module.php,d4dccb8ca2dac4e53c01bd9954755332
Saved,已保存,,site/modules/Lynx/src/LynxEditor.php,248336101b461380a4b2391a7625493d
Saving…,正在保存...,,site/modules/Lynx/src/LynxEditor.php,eedf6b8bfc83284c3294ec4b38188e8a
"Section title (optional)",章节标题（可选）,,site/modules/Lynx/src/LynxEditor.php,8197536b7dbc7d81e3f6f55d2f9fb89b
"SEO description",SEO说明,,site/modules/Lynx/src/LynxEditor.php,5e80ff6b42ba7ac082f4e837e55f3773
"SEO title","SEO 标题",,site/modules/Lynx/src/LynxEditor.php,5bf2d0d13c985f44ca2569d30c966639
Settings,设置,,site/modules/Lynx/LynxManager.module.php,f4f70727dc34561dfde1a3c529b6205c
"Short bio",简短的个人简介,,site/modules/Lynx/src/LynxEditor.php,c6e972eaba197fe193f88d4717b91010
"Shown as a small footer credit on public profile pages when filled.",填写后，在公共资料页面上显示为小页脚信用。,,site/modules/Lynx/LynxManager.module.php,b8719813cd8f62b714b35bfd75008fbc
"Site root",站点根目录,,site/modules/Lynx/LynxManager.module.php,8104764c9e47b48fbca8b4365109bf94
Slug,蛞蝓,,site/modules/Lynx/LynxManager.module.php,0c908588520b3ef787bce443fc2b507c
"Social presets",社交预设,,site/modules/Lynx/src/LynxEditor.php,81aabb6fef4856433b1e4be623401bd7
stats,统计数据,,site/modules/Lynx/LynxManager.module.php,446501053769c06c565094b26d26e8ef
Status,状态,,site/modules/Lynx/LynxManager.module.php,ec53a8c4f07baed5d8825072c89799be
"Supported public languages",支持的公共语言,,site/modules/Lynx/LynxManager.module.php,d6fd1ecdea2ce8841d3326151abf350e
"Testimonial / quote",感言/报价,,site/modules/Lynx/src/LynxContent.php,7061c92304d091d2e12e5d06d793b9d3
Theme,主题,,site/modules/Lynx/src/LynxEditor.php,d721757161f7f70c5b0949fdb6ec2c30
"Theme gallery",主题画廊,,site/modules/Lynx/LynxManager.module.php,4224e18028388126b8cc01ab86edaa5d
"Theme settings",主题设置,,site/modules/Lynx/LynxManager.module.php,55b8deb25fdc0f8b628027f7d1d21cbe
"Theme, accent and open-source font for the public page.",公共页面的主题、口音和开源字体。,,site/modules/Lynx/src/LynxEditor.php,bc6bc3de3fbb4c28c8887057b459fd58
Themes,主题,,site/modules/Lynx/LynxManager.module.php,83915d1254927f41241e8630890bec6e
"These defaults apply to newly created profiles. Existing profiles keep their own selections.",这些默认值适用于新创建的配置文件。现有的配置文件保留自己的选择。,,site/modules/Lynx/LynxManager.module.php,8964183f34cb8216a0ded5015ddd806f
"These settings control where profiles are served and what public data is available.",这些设置控制配置文件的服务位置以及可用的公共数据。,,site/modules/Lynx/LynxManager.module.php,f96ce7b187d5628a8d6d265d668b8fe2
Title,标题,,site/modules/Lynx/LynxManager.module.php,b78a3223503896721cca1303f776159b
Today,今天,,site/modules/Lynx/LynxManager.module.php,1dd1c5fb7f25cd41b291d43a89e3aefd
"Top by clicks",点击次数居前,,site/modules/Lynx/LynxManager.module.php,816d03809335c71ef74ca7141861072e
"Top by views",按浏览次数排名靠前,,site/modules/Lynx/LynxManager.module.php,9b161f82969852e489a23309de8aa324
Total,总计,,site/modules/Lynx/LynxManager.module.php,96b0141273eabab320119c467cdcaf17
"Total clicks",总点击次数,,site/modules/Lynx/LynxManager.module.php,dfe69c87a315e85e759b349522448743
"Track link clicks",跟踪链接点击次数,,site/modules/Lynx/LynxManager.module.php,78c9095d84f5a2c50b215d6fd349805c
Translations,翻译,,site/modules/Lynx/src/LynxEditor.php,0b8d92bc19b720bb1065649535463409
Unknown,未知,,site/modules/Lynx/src/LynxEditor.php,88183b946cc5f0e8c96b2e66e1c74a7e
"Unsaved changes",未保存的更改,,site/modules/Lynx/src/LynxEditor.php,c227ad77f168e7fd3e21583b324eddf4
"Untitled link",无标题链接,,site/modules/Lynx/src/LynxEditor.php,46ac7bf858b1c4f4a8a1813357141358
Updated,已更新,,site/modules/Lynx/LynxManager.module.php,ff0a3b7f3daef040faf89a88fdac01b7
Upload,上传,,site/modules/Lynx/src/LynxEditor.php,91412465ea9169dfd901dd5e7c96dd99
"Upload failed",上传失败,,site/modules/Lynx/src/LynxEditor.php,299cb00a7a52f5147beda49090e08541
"Upload or paste a Lynx JSON export. Use overwrite only when replacing known profiles.","上传或粘贴 Lynx JSON 导出。仅在替换已知配置文件时使用覆盖。",,site/modules/Lynx/LynxManager.module.php,f090cb51518062008ab5da55420953f4
Uploading…,正在上传...,,site/modules/Lynx/src/LynxEditor.php,adeb2359b7930f63db78324162d40aa7
"Use a full hex value such as #1e87f0.","使用完整的十六进制值，例如 #1e87f0。",,site/modules/Lynx/LynxManager.module.php,2ed1fb1266bba96d1eed2d462bab7298
"Use a JSON map with styles.tailwind selector utilities or styles.css. More blueprints live in blueprints/themes/.","将 JSON 映射与 styles.tailwind 选择器实用程序或 styles.css 结合使用。更多蓝图位于蓝图/主题/中。",,site/modules/Lynx/LynxManager.module.php,cd41521774cbff46b73efb7717c962e2
"Use a short lowercase slug. You can edit the profile details on the next screen.",使用短小写字母。您可以在下一个屏幕上编辑个人资料详细信息。,,site/modules/Lynx/src/LynxEditor.php,373566ee21c60454b10ce228bfdb1c95
"Use in profile",在个人资料中使用,,site/modules/Lynx/LynxManager.module.php,ac454f63cbd69527467dbced3e0a6ec6
"Used only when creating a new profile. Existing profiles keep their selected theme.",仅在创建新配置文件时使用。现有的配置文件保留其选择的主题。,,site/modules/Lynx/LynxManager.module.php,b24b06250cd4cd80ac61f171df6d42a1
"Video embed",视频嵌入,,site/modules/Lynx/src/LynxContent.php,4a1355fa2b1e6e2504fe0b0396b436a8
View,查看,,site/modules/Lynx/src/LynxEditor.php,4351cfebe4b61d8aa5efa1d020710005
Views,意见,,site/modules/Lynx/LynxManager.module.php,ed4832a84ee072b00a6740f657183598
"When off, profile routes return not found while admin management and stored data remain available.",关闭时，配置文件路由将返回未找到，而管理员管理和存储的数据仍然可用。,,site/modules/Lynx/LynxManager.module.php,3e4a2eaf486e66ca069e52668a29f0f5
"When on, active public profiles are exposed through /{root}/api endpoints.","启用后，活动的公共配置文件将通过 /{root}/api 端点公开。",,site/modules/Lynx/LynxManager.module.php,8b89ee5afa1176c2da7c9e3aca008d89
"You don't have access to this page.",您无权访问此页面。,,site/modules/Lynx/src/LynxEditor.php,de45ace667916bbeead1992d229a5dea
"You don't have any pages yet.",您还没有任何页面。,,site/modules/Lynx/src/LynxEditor.php,4faf91348ce30eee28adf26851aa02a3
"YouTube / Vimeo URL","YouTube / Vimeo URL",,site/modules/Lynx/src/LynxEditor.php,0f63600c144f1ca7e0342e1ba3d22733
"Use one profile as the homepage",将一个个人资料用作首页,,site/modules/Lynx/LynxManager.module.php,93370a0ff03509a9b0f371804770672b
"For a one-profile website, render a Lynx profile directly from a ProcessWire template such as site/templates/home.php.","对于单一资料网站，可直接从 ProcessWire 模板（例如 site/templates/home.php）渲染 Lynx 资料。",,site/modules/Lynx/LynxManager.module.php,b144b5e99a5052a810916def53eb2f82
"Replace max with the profile slug you want to publish on the homepage. Public Lynx routes can stay enabled or be used only for editor previews.","将 max 替换为要发布到首页的资料 slug。公开 Lynx 路由可以保持启用，也可以仅用于编辑器预览。",,site/modules/Lynx/LynxManager.module.php,76bebcc6db46da676c924c0371de12da
"Install demo profiles",安装演示个人页,,site/modules/Lynx/LynxManager.module.php,e67e2bb7532cd1ab31627d0b00fee746
"Create a ready-to-edit set of multilingual public profiles with links, blocks, scheduling, theme settings and open-source fonts.",创建一组可直接编辑的多语言公开个人页，包含链接、内容区块、定时发布、主题设置和开源字体。,,site/modules/Lynx/LynxManager.module.php,304a1e2755d85d808ec35bed45deeb77
"What gets installed",安装内容,,site/modules/Lynx/LynxManager.module.php,2c4cc9a7b1a22102e2a435c5ab90ea73
"The demo package is designed for testing a production-shaped setup: different regions, base languages, themes, fonts, translated labels and mixed content blocks.",演示包用于测试接近生产环境的配置：不同地区、基础语言、主题、字体、翻译标签和混合内容区块。,,site/modules/Lynx/LynxManager.module.php,4bf2b580197372a50d4d09259c7705b3
"Import behavior",导入行为,,site/modules/Lynx/LynxManager.module.php,c0b6ce2bb2979fe08bf9671c475ff475
"With overwrite off, existing slugs are preserved and imported copies receive -2, -3 suffixes. Enable overwrite only when refreshing demo content on a development site.","关闭覆盖时，现有 slug 会保留，导入副本会获得 -2、-3 后缀。仅在开发站点刷新演示内容时启用覆盖。",,site/modules/Lynx/LynxManager.module.php,c271588ee53511fdca8a7fc622ebf16d
Region,地区,,site/modules/Lynx/LynxManager.module.php,f447ac856e7e72435904956e3b15f433
"Install these profiles into the current site. They remain editable in Lynx Manager and the front-end editor after import.","将这些个人页安装到当前站点。导入后仍可在 Lynx Manager 和前端编辑器中编辑。",,site/modules/Lynx/LynxManager.module.php,c330a98e5f9a6da745ec823ebb8421f4
"Delete this profile and all its links, blocks and click history?",要删除此个人页及其所有链接、区块和点击历史吗？,,site/modules/Lynx/LynxManager.module.php,5279831613493a901e98e1d5fa206ff9
delete,删除,,site/modules/Lynx/LynxManager.module.php,099af53f601532dbd31e0ea99ffdeb64
"Invalid CSRF token.","CSRF token 无效。",,site/modules/Lynx/LynxManager.module.php,9ba8da419f01d0c1b27e666e6101f589
"Profile not found.",未找到个人页。,,site/modules/Lynx/LynxManager.module.php,bd6971db0a8b007ea18e30a504f56eef
"Deleted profile: %s",已删除个人页：%s,,site/modules/Lynx/LynxManager.module.php,3778c11aedc56f414dbeb33e6f357e50
Background,背景,,site/modules/Lynx/src/LynxEditor.php,a9ded1e5ce5d75814730bb4caaf49419
"Background type",背景类型,,site/modules/Lynx/src/LynxEditor.php,138601ff53566fa4484c49830e45f7c7
"Theme default",主题默认,,site/modules/Lynx/src/LynxEditor.php,618acef20de1e3f5b6d4377473c9a54c
Color,颜色,,site/modules/Lynx/src/LynxEditor.php,cb5feb1b7314637725a2e73bdc9f7295
"Image URL","图片 URL",,site/modules/Lynx/src/LynxEditor.php,427b6d816d7fdd86cabe48d8180a3cc9
"Gradient CSS","CSS 渐变",,site/modules/Lynx/src/LynxEditor.php,f19a4cd9e66dde8c98bae89a430aa1ed
"Background value",背景值,,site/modules/Lynx/src/LynxEditor.php,acd31a3c06e429936f730d19da6fc4fd
"Use a color, uploaded image URL, or CSS gradient for the public page background.","为公开页面背景使用颜色、上传图片 URL 或 CSS 渐变。",,site/modules/Lynx/src/LynxEditor.php,179c2c553e0b5c89da372d5dc0c77bf9
